<?xml version="1.0" encoding="UTF-8"?>
<omnifocus xmlns="http://www.omnigroup.com/namespace/OmniFocus/v2" app-id="com.omnigroup.OmniFocus3" app-version="140.14.0" os-name="Mac OS X" os-version="10.15.3" machine-model="MacBookPro15,2"><task id="gwTigD8308y" op="update"><added>2020-04-19T04:28:58.096Z</added><modified>2020-04-19T04:29:11.338Z</modified><name>文章分享网站</name></task><context id="aW8de9YPmM8" op="reference"><reference-snapshot><context/><added>2020-04-19T04:00:56.014Z</added><name>可能/也许</name><note/><rank>1968526676</rank><hidden/><prohibits-next-action>false</prohibits-next-action><location/><tasks-user-ordered>false</tasks-user-ordered></reference-snapshot></context><task-to-tag id="gwTigD8308y.aW8de9YPmM8" op="reference"><reference-snapshot><added order="1">2020-04-19T04:28:58.096Z</added><task idref="gwTigD8308y"/><context idref="aW8de9YPmM8"/><rank-in-task>0001</rank-in-task><rank-in-tag/></reference-snapshot></task-to-tag></omnifocus>
