<?xml version="1.0" encoding="UTF-8"?>
<omnifocus xmlns="http://www.omnigroup.com/namespace/OmniFocus/v2" app-id="com.omnigroup.OmniFocus3" app-version="140.14.0" os-name="Mac OS X" os-version="10.15.3" machine-model="MacBookPro15,2"><task id="kVqeqf1ZG2t" op="update"><project><folder/><singleton>false</singleton><last-review>2020-04-18T16:00:00.000Z</last-review><next-review/><review-interval>@1w</review-interval><status>active</status></project><inbox>false</inbox><task/><added>2020-04-19T04:12:01.379Z</added><modified>2020-04-19T04:12:14.514Z</modified></task><task id="mrmUeS92q3x" op="update"><added>2020-04-19T04:12:11.457Z</added><modified>2020-04-19T04:12:14.514Z</modified><name>吉他老师</name></task></omnifocus>
