<?xml version="1.0" encoding="UTF-8"?>
<omnifocus xmlns="http://www.omnigroup.com/namespace/OmniFocus/v2" app-id="com.omnigroup.OmniFocus3" app-version="140.14.0" os-name="Mac OS X" os-version="10.14.6" machine-model="iMac16,2">
  <task id="ggplSQdtdeu" op="update">
    <added>2020-04-11T00:04:12.853Z</added>
    <modified>2020-04-14T01:28:59.561Z</modified>
  </task>
  <task id="jaJ9j3jwrAd" op="delete">
    <delete-snapshot>
      <project/>
      <inbox>false</inbox>
      <task idref="ggplSQdtdeu"/>
      <added>2020-04-14T01:28:56.898Z</added>
      <name/>
      <note/>
      <rank>1979711488</rank>
      <hidden/>
      <context/>
      <start/>
      <due/>
      <completed/>
      <estimated-minutes/>
      <order>parallel</order>
      <flagged>false</flagged>
      <completed-by-children>false</completed-by-children>
      <repetition-rule/>
      <repetition-method/>
      <next-clone-identifier>0</next-clone-identifier>
      <due-date-alarm-policy/>
      <defer-date-alarm-policy/>
      <latest-time-to-start-alarm-policy/>
    </delete-snapshot>
  </task>
</omnifocus>
