<?xml version="1.0" encoding="UTF-8"?>
<omnifocus xmlns="http://www.omnigroup.com/namespace/OmniFocus/v2" app-id="com.omnigroup.OmniFocus3" app-version="140.14.0" os-name="Mac OS X" os-version="10.15.3" machine-model="MacBookPro15,2"><task id="hXIgN63My6a" op="update"><inbox>false</inbox><task idref="gfRqzqGbo-M"/><added>2020-04-15T00:09:02.938Z</added><modified>2020-04-19T04:32:19.730Z</modified><rank>536870912</rank></task><task id="gfRqzqGbo-M" op="update"><project><folder/><singleton>false</singleton><last-review>2020-04-18T16:00:00.000Z</last-review><next-review/><review-interval>@1w</review-interval><status>active</status></project><inbox>false</inbox><task/><added>2020-04-19T02:43:08.369Z</added><modified>2020-04-19T04:32:19.730Z</modified></task></omnifocus>
