<?xml version="1.0" encoding="UTF-8"?>
<omnifocus xmlns="http://www.omnigroup.com/namespace/OmniFocus/v2" app-id="com.omnigroup.OmniFocus3" app-version="140.14.0" os-name="Mac OS X" os-version="10.14.6" machine-model="iMac16,2"><context id="gjZbk7oYVDY" op="delete"><delete-snapshot><context/><added>2020-04-14T01:54:23.964Z</added><name>等待</name><note/><rank>1968526676</rank><hidden/><prohibits-next-action>false</prohibits-next-action><location/><tasks-user-ordered>false</tasks-user-ordered></delete-snapshot></context></omnifocus>
