<?xml version="1.0" encoding="UTF-8"?>
<omnifocus xmlns="http://www.omnigroup.com/namespace/OmniFocus/v2" app-id="com.omnigroup.OmniFocus3" app-version="140.14.0" os-name="Mac OS X" os-version="10.14.6" machine-model="iMac16,2"><task id="nsN8iQCIwjZ" op="update"><project><folder/><singleton>false</singleton><last-review>2020-04-14T16:00:00.000Z</last-review><next-review/><review-interval>@1w</review-interval><status>active</status></project><inbox>false</inbox><task/><added>2020-04-16T00:10:31.053Z</added><modified>2020-04-17T01:59:12.637Z</modified></task><task id="ksOJCguqw8A" op="update"><added>2020-04-17T01:58:03.138Z</added><modified>2020-04-17T01:59:12.637Z</modified><note><text><p><run><style><value key="font-family">.SF NS Text</value></style><lit>启动时将字典表加载到常量池里，数据更新时同时更新常量池。</lit></run></p></text></note></task></omnifocus>
