<?xml version="1.0" encoding="UTF-8"?>
<omnifocus xmlns="http://www.omnigroup.com/namespace/OmniFocus/v2" app-id="com.omnigroup.OmniFocus3" app-version="140.14.0" os-name="Mac OS X" os-version="10.15.3" machine-model="MacBookPro15,2"><task id="l7hHses5sY8" op="update"><added>2020-04-19T04:08:50.806Z</added><modified>2020-04-19T04:09:38.062Z</modified><note><text><p><run><style><value key="font-family">.AppleSystemUIFont</value></style><lit>手机、电脑、相机、硬盘</lit></run></p></text></note></task></omnifocus>
