<?xml version="1.0" encoding="UTF-8"?>
<omnifocus xmlns="http://www.omnigroup.com/namespace/OmniFocus/v2" app-id="com.omnigroup.OmniFocus3" app-version="140.14.0" os-name="Mac OS X" os-version="10.15.3" machine-model="MacBookPro15,2"><task id="ggplSQdtdeu" op="update"><project><folder/><singleton>false</singleton><last-review>2020-04-10T16:00:00.000Z</last-review><next-review>2020-04-17T16:00:00.000Z</next-review><review-interval>@1w</review-interval><status>active</status></project><inbox>false</inbox><task/><added>2020-04-11T00:04:12.853Z</added><modified>2020-04-19T02:41:17.285Z</modified></task><task id="gK91SB_iqME" op="update"><added>2020-04-16T01:10:43.834Z</added><modified>2020-04-19T02:41:17.285Z</modified></task><task id="kg0BUeKlWin" op="update"><task idref="f5nn9hXPnDv"/><added>2020-04-16T01:11:27.735Z</added></task><task id="f5nn9hXPnDv" op="update"><project><folder/><singleton>false</singleton><last-review>2020-04-18T16:00:00.000Z</last-review><next-review/><review-interval>@1w</review-interval><status>active</status></project><inbox>false</inbox><task/><added>2020-04-19T02:40:45.224Z</added><modified>2020-04-19T02:41:17.285Z</modified></task></omnifocus>
