<?xml version="1.0" encoding="UTF-8"?>
<omnifocus xmlns="http://www.omnigroup.com/namespace/OmniFocus/v2" app-id="com.omnigroup.OmniFocus3" app-version="140.14.0" os-name="Mac OS X" os-version="10.15.3" machine-model="MacBookPro15,2"><task id="e7ZDZzk-sC_" op="update"><added>2020-04-19T03:56:36.744Z</added><modified>2020-04-19T04:00:26.605Z</modified><context/></task><task id="dkjkDneN-U5" op="update"><added>2020-04-19T03:57:43.566Z</added><modified>2020-04-19T04:00:26.605Z</modified><context/></task><task id="eU4d_iloUf7" op="update"><added>2020-04-19T03:58:28.975Z</added><modified>2020-04-19T04:00:26.605Z</modified><context/></task><context id="cBFgcD717t_" op="delete"><delete-snapshot><context/><added>2020-04-19T03:55:49.345Z</added><modified>2020-04-19T03:56:00.184Z</modified><name>也许/可能</name><note/><rank>-178956973</rank><hidden/><prohibits-next-action>false</prohibits-next-action><location/><tasks-user-ordered>false</tasks-user-ordered></delete-snapshot></context><task-to-tag id="e7ZDZzk-sC_.cBFgcD717t_" op="delete"><delete-snapshot><added>2020-04-19T03:57:19.164Z</added><task idref="e7ZDZzk-sC_"/><context idref="cBFgcD717t_"/><rank-in-task>446e</rank-in-task><rank-in-tag/></delete-snapshot></task-to-tag><task-to-tag id="dkjkDneN-U5.cBFgcD717t_" op="delete"><delete-snapshot><added>2020-04-19T03:57:57.218Z</added><task idref="dkjkDneN-U5"/><context idref="cBFgcD717t_"/><rank-in-task>3f</rank-in-task><rank-in-tag/></delete-snapshot></task-to-tag><task-to-tag id="eU4d_iloUf7.cBFgcD717t_" op="delete"><delete-snapshot><added>2020-04-19T03:58:46.659Z</added><task idref="eU4d_iloUf7"/><context idref="cBFgcD717t_"/><rank-in-task>fd49</rank-in-task><rank-in-tag/></delete-snapshot></task-to-tag></omnifocus>
