<?xml version="1.0" encoding="UTF-8"?>
<omnifocus xmlns="http://www.omnigroup.com/namespace/OmniFocus/v2" app-id="com.omnigroup.OmniFocus3" app-version="140.14.0" os-name="Mac OS X" os-version="10.15.3" machine-model="MacBookPro15,2"><task id="ggplSQdtdeu" op="update"><added>2020-04-11T00:04:12.853Z</added><modified>2020-04-14T12:29:34.977Z</modified></task><task id="evZFhDUWLb6" op="update"><added>2020-04-14T12:29:02.291Z</added><modified>2020-04-14T12:29:34.977Z</modified><name>阳台厨房</name></task><task id="f9Jtg6XkSsv" op="reference"><reference-snapshot><project/><inbox>false</inbox><task idref="ggplSQdtdeu"/><added>2020-04-14T12:28:11.183Z</added><modified>2020-04-14T12:29:02.291Z</modified><name>整理</name><note/><rank>2143289344</rank><hidden/><context/><start/><due/><completed/><estimated-minutes/><order>parallel</order><flagged>false</flagged><completed-by-children>false</completed-by-children><repetition-rule/><repetition-method/><next-clone-identifier>0</next-clone-identifier><due-date-alarm-policy/><defer-date-alarm-policy/><latest-time-to-start-alarm-policy/></reference-snapshot></task></omnifocus>
