<?xml version="1.0" encoding="UTF-8"?>
<omnifocus xmlns="http://www.omnigroup.com/namespace/OmniFocus/v2" app-id="com.omnigroup.OmniFocus3" app-version="140.14.0" os-name="Mac OS X" os-version="10.15.3" machine-model="MacBookPro15,2"><task id="gfRqzqGbo-M" op="update"><project><folder/><singleton>false</singleton><last-review>2020-04-18T16:00:00.000Z</last-review><next-review/><review-interval>@1w</review-interval><status>active</status></project><inbox>false</inbox><task/><added>2020-04-19T02:43:08.369Z</added><modified>2020-04-19T04:34:11.361Z</modified></task><task id="iQd9ZirF9sE" op="update"><added>2020-04-19T04:32:34.156Z</added><modified>2020-04-19T04:34:11.361Z</modified></task><task id="bMrbkWzVOjB"><project/><inbox>false</inbox><task idref="iQd9ZirF9sE"/><added>2020-04-19T04:34:11.361Z</added><name/><note/><rank>1073741824</rank><hidden/><context/><start/><due/><completed/><estimated-minutes/><order>parallel</order><flagged>false</flagged><completed-by-children>false</completed-by-children><repetition-rule/><repetition-method/><next-clone-identifier>0</next-clone-identifier><due-date-alarm-policy/><defer-date-alarm-policy/><latest-time-to-start-alarm-policy/></task></omnifocus>
