<?xml version="1.0" encoding="UTF-8"?>
<omnifocus xmlns="http://www.omnigroup.com/namespace/OmniFocus/v2" app-id="com.omnigroup.OmniFocus3" app-version="140.14.0" os-name="Mac OS X" os-version="10.14.6" machine-model="iMac16,2"><task id="os43Tzn3Ejw" op="update"><project><folder/><singleton>false</singleton><last-review>2020-04-21T16:00:00.000Z</last-review><next-review/><review-interval>@1w</review-interval><status>active</status></project><inbox>false</inbox><task/><added>2020-04-22T01:55:21.794Z</added><modified>2020-04-22T01:58:01.719Z</modified></task><task id="jhhgNigW1kF" op="update"><added>2020-04-22T01:57:52.045Z</added><modified>2020-04-22T01:58:01.719Z</modified><name>滴答清单</name></task></omnifocus>
