<?xml version="1.0" encoding="UTF-8"?>
<omnifocus xmlns="http://www.omnigroup.com/namespace/OmniFocus/v2" app-id="com.omnigroup.OmniFocus3" app-version="140.14.0" os-name="Mac OS X" os-version="10.15.3" machine-model="MacBookPro15,2"><task id="luY20JM7sle"><project/><inbox>true</inbox><task/><added>2020-04-16T00:12:32.141Z</added><name>祖光的押金问题</name><note><text><p><run><style><value key="font-family">.SF NS Text</value></style><lit>修灯费用、水电、管理费</lit></run></p></text></note><rank>1879048192</rank><hidden/><context/><start/><due/><completed/><estimated-minutes/><order>parallel</order><flagged>false</flagged><completed-by-children>false</completed-by-children><repetition-rule/><repetition-method/><next-clone-identifier>0</next-clone-identifier><due-date-alarm-policy/><defer-date-alarm-policy/><latest-time-to-start-alarm-policy/></task></omnifocus>
