<?xml version="1.0" encoding="UTF-8"?>
<omnifocus xmlns="http://www.omnigroup.com/namespace/OmniFocus/v2" app-id="com.omnigroup.OmniFocus3" app-version="140.14.0" os-name="Mac OS X" os-version="10.15.3" machine-model="MacBookPro15,2"><task id="oNpV5No0gG2" op="update"><project><folder/><singleton>false</singleton><last-review>2020-04-18T16:00:00.000Z</last-review><next-review/><review-interval>@1w</review-interval><status>active</status></project><inbox>false</inbox><task/><added>2020-04-19T03:51:30.862Z</added><modified>2020-04-19T03:52:38.705Z</modified></task><task id="kqd-9noP6xK" op="update"><added>2020-04-19T03:51:36.710Z</added><modified>2020-04-19T03:52:38.705Z</modified></task><task id="orFI3M51zLG"><project/><inbox>false</inbox><task idref="kqd-9noP6xK"/><added>2020-04-19T03:52:38.705Z</added><name/><note/><rank>1476395008</rank><hidden/><context/><start/><due/><completed/><estimated-minutes/><order>parallel</order><flagged>false</flagged><completed-by-children>false</completed-by-children><repetition-rule/><repetition-method/><next-clone-identifier>0</next-clone-identifier><due-date-alarm-policy/><defer-date-alarm-policy/><latest-time-to-start-alarm-policy/></task></omnifocus>
