<?xml version="1.0" encoding="UTF-8"?>
<omnifocus xmlns="http://www.omnigroup.com/namespace/OmniFocus/v2" app-id="com.omnigroup.OmniFocus3" app-version="140.14.0" os-name="Mac OS X" os-version="10.14.6" machine-model="iMac16,2"><task id="os43Tzn3Ejw" op="update"><added>2020-04-22T01:55:21.794Z</added><modified>2020-04-22T01:57:27.998Z</modified></task><task id="c0bRS1d-Esg" op="update"><added>2020-04-22T01:57:20.802Z</added><modified>2020-04-22T01:57:27.998Z</modified><name>公众号开发</name></task><task id="ehiktynWT4F" op="reference"><reference-snapshot><project/><inbox>false</inbox><task idref="os43Tzn3Ejw"/><added>2020-04-22T01:55:55.624Z</added><modified>2020-04-22T01:57:20.802Z</modified><name>自主开发</name><note/><rank>1073741824</rank><hidden/><context/><start/><due/><completed/><estimated-minutes/><order>parallel</order><flagged>false</flagged><completed-by-children>false</completed-by-children><repetition-rule/><repetition-method/><next-clone-identifier>0</next-clone-identifier><due-date-alarm-policy/><defer-date-alarm-policy/><latest-time-to-start-alarm-policy/></reference-snapshot></task></omnifocus>
