<?xml version="1.0" encoding="UTF-8"?>
<omnifocus xmlns="http://www.omnigroup.com/namespace/OmniFocus/v2" app-id="com.omnigroup.OmniFocus3" app-version="140.14.0" os-name="Mac OS X" os-version="10.14.6" machine-model="iMac16,2"><context id="k4C8YnqMHGK" op="delete"><delete-snapshot><context/><added>2020-04-14T01:55:47.876Z</added><name>新标签</name><note/><rank>1879048190</rank><hidden/><prohibits-next-action>false</prohibits-next-action><location/><tasks-user-ordered>false</tasks-user-ordered></delete-snapshot></context></omnifocus>
