<?xml version="1.0" encoding="UTF-8"?>
<omnifocus xmlns="http://www.omnigroup.com/namespace/OmniFocus/v2" app-id="com.omnigroup.OmniFocus3" app-version="140.14.0" os-name="Mac OS X" os-version="10.14.6" machine-model="iMac16,2">
  <task id="ggplSQdtdeu" op="update">
    <project>
      <folder/>
      <singleton>false</singleton>
      <last-review>2020-04-10T16:00:00.000Z</last-review>
      <next-review/>
      <review-interval>@1w</review-interval>
      <status>active</status>
    </project>
    <inbox>false</inbox>
    <task/>
    <added>2020-04-11T00:04:12.853Z</added>
    <modified>2020-04-14T00:52:26.506Z</modified>
  </task>
  <task id="a7Cd5K55KDy" op="update">
    <added>2020-04-14T00:51:53.604Z</added>
    <rank>-1073741824</rank>
  </task>
</omnifocus>
