<?xml version="1.0" encoding="UTF-8"?>
<omnifocus xmlns="http://www.omnigroup.com/namespace/OmniFocus/v2" app-id="com.omnigroup.OmniFocus3" app-version="140.14.0" os-name="Mac OS X" os-version="10.15.3" machine-model="MacBookPro15,2"><task id="f6WelNHw4ih" op="update"><added>2020-04-19T02:42:11.425Z</added><modified>2020-04-21T00:05:16.473Z</modified></task><task id="gfRqzqGbo-M" op="update"><project><folder/><singleton>false</singleton><last-review>2020-04-18T16:00:00.000Z</last-review><next-review/><review-interval>@1w</review-interval><status>active</status></project><inbox>false</inbox><task/><added>2020-04-19T02:43:08.369Z</added><modified>2020-04-21T00:05:16.473Z</modified></task><task id="oKXA6JA2WAR" op="update"><added>2020-04-19T02:43:57.733Z</added><modified>2020-04-21T00:05:16.473Z</modified></task><task id="htNNS6PboVL" op="update"><added>2020-04-19T02:44:16.891Z</added><modified>2020-04-21T00:05:16.473Z</modified></task><task id="iQd9ZirF9sE" op="update"><added>2020-04-19T04:32:34.156Z</added><modified>2020-04-21T00:05:16.473Z</modified></task><task id="a5ZgLD-bKKg"><project/><inbox>true</inbox><task/><added>2020-04-21T00:05:16.473Z</added><name>写明信片</name><note/><rank>2147483418</rank><hidden/><context/><start/><due/><completed/><estimated-minutes/><order>parallel</order><flagged>false</flagged><completed-by-children>false</completed-by-children><repetition-rule/><repetition-method/><next-clone-identifier>0</next-clone-identifier><due-date-alarm-policy/><defer-date-alarm-policy/><latest-time-to-start-alarm-policy/></task><task id="oI__9_ngnes"><project/><inbox>true</inbox><task/><added order="1">2020-04-21T00:05:16.473Z</added><name>买发箍</name><note/><rank>2147483469</rank><hidden/><context/><start/><due/><completed/><estimated-minutes/><order>parallel</order><flagged>false</flagged><completed-by-children>false</completed-by-children><repetition-rule/><repetition-method/><next-clone-identifier>0</next-clone-identifier><due-date-alarm-policy/><defer-date-alarm-policy/><latest-time-to-start-alarm-policy/></task><task id="mXoQPp9F9Hb"><project/><inbox>true</inbox><task/><added order="2">2020-04-21T00:05:16.473Z</added><name>印象笔记作为参考资料存放地</name><note/><rank>2147483520</rank><hidden/><context/><start/><due/><completed/><estimated-minutes/><order>parallel</order><flagged>false</flagged><completed-by-children>false</completed-by-children><repetition-rule/><repetition-method/><next-clone-identifier>0</next-clone-identifier><due-date-alarm-policy/><defer-date-alarm-policy/><latest-time-to-start-alarm-policy/></task><task id="cUdsANHmeVE"><project/><inbox>true</inbox><task/><added order="3">2020-04-21T00:05:16.473Z</added><name>完善omnifocus博文基本格式</name><note><text><p><run><lit>Use-of-OmniFocus.md</lit></run></p></text></note><rank>2147483571</rank><hidden/><context/><start/><due/><completed/><estimated-minutes/><order>parallel</order><flagged>false</flagged><completed-by-children>false</completed-by-children><repetition-rule/><repetition-method/><next-clone-identifier>0</next-clone-identifier><due-date-alarm-policy/><defer-date-alarm-policy/><latest-time-to-start-alarm-policy/></task><task id="kBbBK52YkQg"><project/><inbox>true</inbox><task/><added order="4">2020-04-21T00:05:16.473Z</added><name>少有人走的路读后感</name><note/><rank>2147483622</rank><hidden/><context/><start/><due/><completed/><estimated-minutes/><order>parallel</order><flagged>false</flagged><completed-by-children>false</completed-by-children><repetition-rule/><repetition-method/><next-clone-identifier>0</next-clone-identifier><due-date-alarm-policy/><defer-date-alarm-policy/><latest-time-to-start-alarm-policy/></task></omnifocus>
