<?xml version="1.0" encoding="UTF-8"?>
<omnifocus xmlns="http://www.omnigroup.com/namespace/OmniFocus/v2" app-id="com.omnigroup.OmniFocus3" app-version="140.14.0" os-name="Mac OS X" os-version="10.14.6" machine-model="iMac16,2"><task id="mLe9-iKwgFt" op="update"><project><folder/><singleton>false</singleton><last-review>2020-04-13T16:00:00.000Z</last-review><next-review/><review-interval>@1w</review-interval><status>active</status></project><inbox>false</inbox><task/><added>2020-04-14T01:48:02.080Z</added><modified>2020-04-14T01:48:24.908Z</modified></task><task id="n6oQ4KK2l4i" op="update"><added>2020-04-14T01:48:19.960Z</added><modified>2020-04-14T01:48:24.908Z</modified><name>Object</name></task></omnifocus>
