<?xml version="1.0" encoding="UTF-8"?>
<omnifocus xmlns="http://www.omnigroup.com/namespace/OmniFocus/v2" app-id="com.omnigroup.OmniFocus3" app-version="140.14.0" os-name="Mac OS X" os-version="10.15.3" machine-model="MacBookPro15,2"><task id="gxHHZOiCTyO" op="update"><inbox>false</inbox><added>2020-04-14T23:22:43.461Z</added><modified>2020-04-19T02:44:34.003Z</modified><rank>-1073741824</rank></task><task id="n6w1f0BtHKq" op="update"><inbox>false</inbox><added>2020-04-16T00:13:46.818Z</added><modified>2020-04-19T02:44:34.003Z</modified><rank>1073741824</rank></task><task id="hx2HrtBd8Fm" op="update"><inbox>false</inbox><added>2020-04-16T00:19:59.281Z</added><modified>2020-04-19T02:44:34.003Z</modified><rank>0</rank></task><task id="oKXA6JA2WAR" op="update"><project><folder/><singleton>false</singleton><last-review>2020-04-18T16:00:00.000Z</last-review><next-review/><review-interval>@1w</review-interval><status>active</status></project><inbox>false</inbox><task/><added>2020-04-19T02:43:57.733Z</added><modified>2020-04-19T02:44:34.003Z</modified></task><task id="htNNS6PboVL" op="update"><project><folder/><singleton>false</singleton><last-review>2020-04-18T16:00:00.000Z</last-review><next-review/><review-interval>@1w</review-interval><status>active</status></project><inbox>false</inbox><task/><added>2020-04-19T02:44:16.891Z</added><modified>2020-04-19T02:44:34.003Z</modified></task></omnifocus>
