<?xml version="1.0" encoding="UTF-8"?>
<omnifocus xmlns="http://www.omnigroup.com/namespace/OmniFocus/v2" app-id="com.omnigroup.OmniFocus3" app-version="140.14.0" os-name="Mac OS X" os-version="10.15.3" machine-model="MacBookPro15,2"><task id="ggplSQdtdeu" op="update"><project><folder/><singleton>false</singleton><last-review>2020-04-10T16:00:00.000Z</last-review><next-review>2020-04-17T16:00:00.000Z</next-review><review-interval>@1w</review-interval><status>active</status></project><inbox>false</inbox><task/><added>2020-04-11T00:04:12.853Z</added><modified>2020-04-21T00:03:59.604Z</modified></task><task id="nXJ1_xOfzwi" op="update"><project/><task idref="ggplSQdtdeu"/><added>2020-04-21T00:03:38.587Z</added><modified>2020-04-21T00:03:59.604Z</modified><rank>2144337920</rank></task></omnifocus>
