<?xml version="1.0" encoding="UTF-8"?>
<omnifocus xmlns="http://www.omnigroup.com/namespace/OmniFocus/v2" app-id="com.omnigroup.OmniFocus3" app-version="140.14.0" os-name="Mac OS X" os-version="10.15.3" machine-model="MacBookPro15,2"><task id="ggplSQdtdeu" op="update"><added>2020-04-11T00:04:12.853Z</added><modified>2020-04-19T02:37:22.024Z</modified></task><task id="bsn9gOdENKd" op="update"><added>2020-04-16T11:59:57.565Z</added><modified>2020-04-19T02:37:22.024Z</modified><completed>2020-04-19T02:37:22.019Z</completed></task><task id="okKGBZi8GNl" op="reference"><reference-snapshot><project/><inbox>false</inbox><task idref="myrz9fmPBJw"/><added>2020-04-11T00:19:38.525Z</added><modified>2020-04-16T12:01:15.077Z</modified><name>处理没卖出去的废弃家具</name><note><text><p><run><style><value key="font-family">.AppleSystemUIFont</value></style><lit>找找收废品的，把东西卖给他们，上次陈祖广找的那个人！好像小区对面就是废品回收站</lit></run></p></text></note><rank>1073741824</rank><hidden/><context/><start/><due>2020-04-17T18:00:00.000</due><completed/><estimated-minutes/><order>parallel</order><flagged>false</flagged><completed-by-children>false</completed-by-children><repetition-rule/><repetition-method/><next-clone-identifier>0</next-clone-identifier><due-date-alarm-policy/><defer-date-alarm-policy/><latest-time-to-start-alarm-policy/></reference-snapshot></task><task id="myrz9fmPBJw" op="reference"><reference-snapshot><project/><inbox>false</inbox><task idref="ggplSQdtdeu"/><added>2020-04-16T01:19:21.661Z</added><modified>2020-04-16T12:01:15.077Z</modified><name>卖</name><note/><rank>1342177280</rank><hidden/><context/><start/><due/><completed/><estimated-minutes/><order>parallel</order><flagged>false</flagged><completed-by-children>false</completed-by-children><repetition-rule/><repetition-method/><next-clone-identifier>0</next-clone-identifier><due-date-alarm-policy/><defer-date-alarm-policy/><latest-time-to-start-alarm-policy/></reference-snapshot></task></omnifocus>
