<?xml version="1.0" encoding="UTF-8"?>
<omnifocus xmlns="http://www.omnigroup.com/namespace/OmniFocus/v2" app-id="com.omnigroup.OmniFocus3" app-version="140.14.0" os-name="Mac OS X" os-version="10.15.3" machine-model="MacBookPro15,2"><task id="cUdsANHmeVE" op="delete"><delete-snapshot><project/><inbox>true</inbox><task/><added order="3">2020-04-21T00:05:16.473Z</added><name>完善omnifocus博文基本格式</name><note><text><p><run><lit>Use-of-OmniFocus.md</lit></run></p></text></note><rank>2147483571</rank><hidden/><context/><start/><due/><completed/><estimated-minutes/><order>parallel</order><flagged>false</flagged><completed-by-children>false</completed-by-children><repetition-rule/><repetition-method/><next-clone-identifier>0</next-clone-identifier><due-date-alarm-policy/><defer-date-alarm-policy/><latest-time-to-start-alarm-policy/></delete-snapshot></task></omnifocus>
