<?xml version="1.0" encoding="UTF-8"?>
<omnifocus xmlns="http://www.omnigroup.com/namespace/OmniFocus/v2" app-id="com.omnigroup.OmniFocus3" app-version="140.14.0" os-name="Mac OS X" os-version="10.14.6" machine-model="iMac16,2"><task id="nsN8iQCIwjZ" op="update"><project><folder/><singleton>false</singleton><last-review>2020-04-14T16:00:00.000Z</last-review><next-review/><review-interval>@1w</review-interval><status>active</status></project><inbox>false</inbox><task/><added>2020-04-16T00:10:31.053Z</added><modified>2020-04-17T01:14:16.831Z</modified></task><task id="nfzCRFkrdXb" op="update"><added order="1">2020-04-16T00:10:31.053Z</added><modified>2020-04-17T01:14:16.831Z</modified><completed>2020-04-17T01:14:16.827Z</completed></task></omnifocus>
