<?xml version="1.0" encoding="UTF-8"?>
<omnifocus xmlns="http://www.omnigroup.com/namespace/OmniFocus/v2" app-id="com.omnigroup.OmniFocus3" app-version="140.14.0" os-name="Mac OS X" os-version="10.14.6" machine-model="iMac16,2"><task id="os43Tzn3Ejw" op="update"><project><folder/><singleton>false</singleton><last-review>2020-04-21T16:00:00.000Z</last-review><next-review/><review-interval>@1w</review-interval><status>active</status></project><inbox>false</inbox><task/><added>2020-04-22T01:55:21.794Z</added><modified>2020-04-22T01:57:01.470Z</modified></task><task id="ehiktynWT4F" op="update"><project/><inbox>false</inbox><task idref="os43Tzn3Ejw"/><added>2020-04-22T01:55:55.624Z</added><modified>2020-04-22T01:57:01.470Z</modified></task><task id="lnMT19EcNnh" op="update"><task idref="ehiktynWT4F"/><added>2020-04-22T01:56:20.487Z</added><rank>0</rank></task></omnifocus>
