<?xml version="1.0" encoding="UTF-8"?>
<omnifocus xmlns="http://www.omnigroup.com/namespace/OmniFocus/v2" app-id="com.omnigroup.OmniFocus3" app-version="140.14.0" os-name="Mac OS X" os-version="10.14.6" machine-model="iMac16,2"><task id="os43Tzn3Ejw" op="update"><added>2020-04-22T01:55:21.794Z</added><modified>2020-04-22T01:59:25.506Z</modified></task><task id="cs26mJK7QFR" op="update"><added>2020-04-22T01:58:43.392Z</added><modified>2020-04-22T01:59:25.506Z</modified><name>微信关注其公众号之后就可以通过微信收集了</name></task><task id="eRC03NH93qR" op="reference"><reference-snapshot><project/><inbox>false</inbox><task idref="os43Tzn3Ejw"/><added>2020-04-22T01:55:38.367Z</added><modified>2020-04-22T01:58:43.392Z</modified><name>使用现有软件</name><note/><rank>0</rank><hidden/><context/><start/><due/><completed/><estimated-minutes/><order>parallel</order><flagged>false</flagged><completed-by-children>false</completed-by-children><repetition-rule/><repetition-method/><next-clone-identifier>0</next-clone-identifier><due-date-alarm-policy/><defer-date-alarm-policy/><latest-time-to-start-alarm-policy/></reference-snapshot></task></omnifocus>
