<?xml version="1.0" encoding="UTF-8"?>
<omnifocus xmlns="http://www.omnigroup.com/namespace/OmniFocus/v2" app-id="com.omnigroup.OmniFocus3" app-version="140.14.0" os-name="Mac OS X" os-version="10.15.3" machine-model="MacBookPro15,2"><task id="gwTigD8308y"><project/><inbox>true</inbox><task/><added>2020-04-19T04:28:58.096Z</added><name/><note/><rank>2147483136</rank><hidden/><context idref="aW8de9YPmM8"/><start/><due/><completed/><estimated-minutes/><order>parallel</order><flagged>false</flagged><completed-by-children>false</completed-by-children><repetition-rule/><repetition-method/><next-clone-identifier>0</next-clone-identifier><due-date-alarm-policy/><defer-date-alarm-policy/><latest-time-to-start-alarm-policy/></task><task-to-tag id="gwTigD8308y.aW8de9YPmM8"><added order="1">2020-04-19T04:28:58.096Z</added><task idref="gwTigD8308y"/><context idref="aW8de9YPmM8"/><rank-in-task>0001</rank-in-task><rank-in-tag/></task-to-tag><context id="aW8de9YPmM8" op="reference"><reference-snapshot><context/><added>2020-04-19T04:00:56.014Z</added><name>可能/也许</name><note/><rank>1968526676</rank><hidden/><prohibits-next-action>false</prohibits-next-action><location/><tasks-user-ordered>false</tasks-user-ordered></reference-snapshot></context></omnifocus>
