<?xml version="1.0" encoding="UTF-8"?>
<omnifocus xmlns="http://www.omnigroup.com/namespace/OmniFocus/v2" app-id="com.omnigroup.OmniFocus3" app-version="140.14.0" os-name="Mac OS X" os-version="10.14.6" machine-model="iMac16,2"><task id="fCY24ZL6Et3" op="update"><project><folder/><singleton>false</singleton><last-review>2020-04-14T16:00:00.000Z</last-review><next-review/><review-interval>@1w</review-interval><status>active</status></project><inbox>false</inbox><task/><added>2020-04-15T05:33:38.981Z</added><modified>2020-04-15T11:54:40.987Z</modified></task><task id="jpmGEIC95tY" op="update"><added>2020-04-15T11:53:56.671Z</added><modified>2020-04-15T11:54:40.987Z</modified><name>保存最近一周的 event 到数据库</name></task></omnifocus>
