<?xml version="1.0" encoding="UTF-8"?>
<omnifocus xmlns="http://www.omnigroup.com/namespace/OmniFocus/v2" app-id="com.omnigroup.OmniFocus3" app-version="140.14.0" os-name="Mac OS X" os-version="10.15.3" machine-model="MacBookPro15,2"><task id="oNpV5No0gG2" op="update"><project><folder/><singleton>false</singleton><last-review>2020-04-18T16:00:00.000Z</last-review><next-review/><review-interval>@1w</review-interval><status>active</status></project><inbox>false</inbox><task/><added>2020-04-19T03:51:30.862Z</added><modified>2020-04-19T03:52:03.880Z</modified></task><task id="kBDUr2UkRwF" op="update"><added>2020-04-19T03:51:55.250Z</added><modified>2020-04-19T03:52:03.880Z</modified><name>脸型</name></task></omnifocus>
