<?xml version="1.0" encoding="UTF-8"?>
<omnifocus xmlns="http://www.omnigroup.com/namespace/OmniFocus/v2" app-id="com.omnigroup.OmniFocus3" app-version="140.14.0" os-name="Mac OS X" os-version="10.14.6" machine-model="iMac16,2"><task id="ggplSQdtdeu" op="update"><project><folder/><singleton>false</singleton><last-review>2020-04-10T16:00:00.000Z</last-review><next-review/><review-interval>@1w</review-interval><status>active</status></project><inbox>false</inbox><task/><added>2020-04-11T00:04:12.853Z</added><modified>2020-04-14T01:58:46.393Z</modified></task><task id="mJc08BVTs9k" op="update"><added>2020-04-13T00:14:50.898Z</added><modified>2020-04-14T01:58:46.393Z</modified><flagged>false</flagged></task><context id="ddn5Xu4V8Gy" op="reference"><reference-snapshot><context/><added order="11">2014-03-25T21:24:02.254Z</added><name>等待</name><note/><rank>1789569703</rank><hidden/><prohibits-next-action>true</prohibits-next-action><location/><tasks-user-ordered>false</tasks-user-ordered></reference-snapshot></context><task-to-tag id="mJc08BVTs9k.ddn5Xu4V8Gy" op="reference"><reference-snapshot><added>2020-04-14T01:52:47.065Z</added><task idref="mJc08BVTs9k"/><context idref="ddn5Xu4V8Gy"/><rank-in-task>e57f</rank-in-task><rank-in-tag/></reference-snapshot></task-to-tag></omnifocus>
