<?xml version="1.0" encoding="UTF-8"?>
<omnifocus xmlns="http://www.omnigroup.com/namespace/OmniFocus/v2" app-id="com.omnigroup.OmniFocus3" app-version="140.14.0" os-name="Mac OS X" os-version="10.15.3" machine-model="MacBookPro15,2"><task id="kVqeqf1ZG2t" op="update"><added>2020-04-19T04:12:01.379Z</added><modified>2020-04-19T04:13:33.016Z</modified></task><task id="pkI79myQ-SC" op="update"><project><folder/><singleton>false</singleton><last-review>2020-04-18T16:00:00.000Z</last-review><next-review/><review-interval>@1w</review-interval><status>active</status></project><inbox>false</inbox><task/><added>2020-04-19T04:12:50.377Z</added><modified>2020-04-19T04:13:33.016Z</modified></task><task id="p_UbuBo6-Cs"><project/><inbox>false</inbox><task idref="kVqeqf1ZG2t"/><added>2020-04-19T04:13:33.016Z</added><name/><note/><rank>1879048192</rank><hidden/><context/><start/><due/><completed/><estimated-minutes/><order>parallel</order><flagged>false</flagged><completed-by-children>false</completed-by-children><repetition-rule/><repetition-method/><next-clone-identifier>0</next-clone-identifier><due-date-alarm-policy/><defer-date-alarm-policy/><latest-time-to-start-alarm-policy/></task></omnifocus>
