<?xml version="1.0" encoding="UTF-8"?>
<omnifocus xmlns="http://www.omnigroup.com/namespace/OmniFocus/v2" app-id="com.omnigroup.OmniFocus3" app-version="140.14.0" os-name="Mac OS X" os-version="10.14.6" machine-model="iMac16,2"><task id="bRXgJxmNd19" op="delete"><delete-snapshot><project/><inbox>true</inbox><task/><added>2018-09-07T00:03:31.883Z</added><modified>2018-09-12T16:47:07.250Z</modified><name>看看新餐馆</name><note><text>
        <p>
          <run>
            <lit>这是一个收件箱项。使用 </lit>
          </run>
          <run>
            <style>
              <value key="font-family">.SF NS Text</value>
              <value key="link">omnifocus:///inbox</value>
            </style>
            <lit>收件箱</lit>
          </run>
          <run>
            <lit> 来快速捕捉任务。虽然您可以直接在“收件箱”中工作，但您可能希望使用项目和标签来组织任务。可以将项留在“收件箱”内，直到您有时间决定其归属。</lit>
          </run>
        </p>
      </text></note><rank>0</rank><hidden/><context idref="i9fFJI05g9C"/><start/><due/><completed/><estimated-minutes/><order>parallel</order><flagged>false</flagged><completed-by-children>false</completed-by-children><repetition-rule/><repetition-method/><next-clone-identifier>0</next-clone-identifier><due-date-alarm-policy/><defer-date-alarm-policy/><latest-time-to-start-alarm-policy/></delete-snapshot></task><task-to-tag id="bRXgJxmNd19.i9fFJI05g9C" op="delete"><delete-snapshot><added>2018-09-07T17:49:15.804Z</added><modified>2018-09-07T23:47:11.421Z</modified><task idref="bRXgJxmNd19"/><context idref="i9fFJI05g9C"/><rank-in-task>d25a</rank-in-task><rank-in-tag>0001</rank-in-tag></delete-snapshot></task-to-tag></omnifocus>
