<?xml version="1.0" encoding="UTF-8"?>
<omnifocus xmlns="http://www.omnigroup.com/namespace/OmniFocus/v2" app-id="com.omnigroup.OmniFocus3" app-version="140.14.0" os-name="Mac OS X" os-version="10.14.6" machine-model="iMac16,2"><task id="nsN8iQCIwjZ" op="update"><added>2020-04-16T00:10:31.053Z</added><modified>2020-04-17T01:19:20.646Z</modified></task><task id="ie_faaG39T9"><project/><inbox>false</inbox><task idref="nsN8iQCIwjZ"/><added>2020-04-17T01:19:20.646Z</added><name/><note/><rank>-1073741824</rank><hidden/><context/><start/><due/><completed/><estimated-minutes/><order>parallel</order><flagged>false</flagged><completed-by-children>false</completed-by-children><repetition-rule/><repetition-method/><next-clone-identifier>0</next-clone-identifier><due-date-alarm-policy/><defer-date-alarm-policy/><latest-time-to-start-alarm-policy/></task></omnifocus>
