<?xml version="1.0" encoding="UTF-8"?>
<omnifocus xmlns="http://www.omnigroup.com/namespace/OmniFocus/v2" app-id="com.omnigroup.OmniFocus3" app-version="140.14.0" os-name="Mac OS X" os-version="10.15.3" machine-model="MacBookPro15,2"><task id="plEcEWMjV68" op="update"><project><folder/><singleton>false</singleton><last-review>2020-04-18T16:00:00.000Z</last-review><next-review/><review-interval>@1w</review-interval><status>active</status></project><inbox>false</inbox><task/><added>2020-04-19T03:54:08.222Z</added><modified>2020-04-19T03:55:10.064Z</modified></task><task id="oG_hB5O3Uos" op="update"><project/><inbox>false</inbox><task idref="plEcEWMjV68"/><added>2020-04-19T03:54:20.657Z</added><modified>2020-04-19T03:55:10.064Z</modified></task><task id="jFcz8AIYdi5" op="update"><task idref="oG_hB5O3Uos"/><added>2020-04-19T03:55:00.038Z</added><rank>0</rank></task></omnifocus>
