<?xml version="1.0" encoding="UTF-8"?>
<omnifocus xmlns="http://www.omnigroup.com/namespace/OmniFocus/v2" app-id="com.omnigroup.OmniFocus3" app-version="140.14.0" os-name="Mac OS X" os-version="10.15.3" machine-model="MacBookPro15,2"><task id="ggplSQdtdeu" op="update"><added>2020-04-11T00:04:12.853Z</added><modified>2020-04-19T02:38:42.425Z</modified></task><task id="n7SS462gh9l" op="update"><added>2020-04-19T02:37:41.023Z</added><modified>2020-04-19T02:38:42.425Z</modified><due>2020-04-19T15:00:00.000</due></task><task id="myQkYFVkd0u" op="reference"><reference-snapshot><project/><inbox>false</inbox><task idref="myrz9fmPBJw"/><added>2020-04-11T00:17:01.786Z</added><modified>2020-04-19T02:37:41.023Z</modified><name>咸鱼售卖二手家具</name><note><text><p><run><style><value key="font-family">.AppleSystemUIFont</value></style><lit>把不要的家具擦一擦，拍个照，挂到咸鱼上，直到新住户他们搬进来。</lit></run></p></text></note><rank>0</rank><hidden/><context/><start/><due/><completed/><estimated-minutes/><order>parallel</order><flagged>false</flagged><completed-by-children>false</completed-by-children><repetition-rule/><repetition-method/><next-clone-identifier>0</next-clone-identifier><due-date-alarm-policy/><defer-date-alarm-policy/><latest-time-to-start-alarm-policy/></reference-snapshot></task><task id="myrz9fmPBJw" op="reference"><reference-snapshot><project/><inbox>false</inbox><task idref="ggplSQdtdeu"/><added>2020-04-16T01:19:21.661Z</added><modified>2020-04-16T12:01:15.077Z</modified><name>卖</name><note/><rank>1342177280</rank><hidden/><context/><start/><due/><completed/><estimated-minutes/><order>parallel</order><flagged>false</flagged><completed-by-children>false</completed-by-children><repetition-rule/><repetition-method/><next-clone-identifier>0</next-clone-identifier><due-date-alarm-policy/><defer-date-alarm-policy/><latest-time-to-start-alarm-policy/></reference-snapshot></task></omnifocus>
