<?xml version="1.0" encoding="UTF-8"?>
<omnifocus xmlns="http://www.omnigroup.com/namespace/OmniFocus/v2" app-id="com.omnigroup.OmniFocus3" app-version="140.14.0" os-name="Mac OS X" os-version="10.15.3" machine-model="MacBookPro15,2"><task id="e7ZDZzk-sC_" op="update"><added>2020-04-19T03:56:36.744Z</added><modified>2020-04-19T04:01:15.559Z</modified><context idref="aW8de9YPmM8"/></task><task-to-tag id="e7ZDZzk-sC_.aW8de9YPmM8"><added>2020-04-19T04:01:15.559Z</added><task idref="e7ZDZzk-sC_"/><context idref="aW8de9YPmM8"/><rank-in-task>e817</rank-in-task><rank-in-tag/></task-to-tag><context id="aW8de9YPmM8" op="reference"><reference-snapshot><context/><added>2020-04-19T04:00:56.014Z</added><name>可能/也许</name><note/><rank>1968526676</rank><hidden/><prohibits-next-action>false</prohibits-next-action><location/><tasks-user-ordered>false</tasks-user-ordered></reference-snapshot></context></omnifocus>
