<?xml version="1.0" encoding="UTF-8"?>
<omnifocus xmlns="http://www.omnigroup.com/namespace/OmniFocus/v2" app-id="com.omnigroup.OmniFocus3" app-version="140.14.0" os-name="Mac OS X" os-version="10.14.6" machine-model="iMac16,2"><task id="cMYMevDADc2" op="update"><added>2020-04-15T06:41:49.498Z</added><modified>2020-04-15T06:42:35.293Z</modified><note><text><p><run><style><value key="font-family">.SF NS Text</value></style><lit>修灯费用、水电、管理费</lit></run></p></text></note></task></omnifocus>
