<?xml version="1.0" encoding="UTF-8"?>
<omnifocus xmlns="http://www.omnigroup.com/namespace/OmniFocus/v2" app-id="com.omnigroup.OmniFocus3" app-version="140.14.0" os-name="Mac OS X" os-version="10.15.3" machine-model="MacBookPro15,2"><task id="ggplSQdtdeu" op="update"><project><folder/><singleton>false</singleton><last-review>2020-04-10T16:00:00.000Z</last-review><next-review/><review-interval>@1w</review-interval><status>active</status></project><inbox>false</inbox><task/><added>2020-04-11T00:04:12.853Z</added><modified>2020-04-14T13:39:07.545Z</modified></task><task id="ntUWXEeOaKL" op="update"><added>2020-04-13T00:14:14.552Z</added><modified>2020-04-14T13:39:07.545Z</modified><completed>2020-04-14T13:39:07.540Z</completed></task><context id="ddn5Xu4V8Gy" op="reference"><reference-snapshot><context/><added order="11">2014-03-25T21:24:02.254Z</added><name>等待</name><note/><rank>1789569703</rank><hidden/><prohibits-next-action>true</prohibits-next-action><location/><tasks-user-ordered>false</tasks-user-ordered></reference-snapshot></context><task-to-tag id="ntUWXEeOaKL.ddn5Xu4V8Gy" op="reference"><reference-snapshot><added order="1">2020-04-14T01:54:23.964Z</added><task idref="ntUWXEeOaKL"/><context idref="ddn5Xu4V8Gy"/><rank-in-task>d3d1</rank-in-task><rank-in-tag/></reference-snapshot></task-to-tag></omnifocus>
