<?xml version="1.0" encoding="UTF-8"?>
<omnifocus xmlns="http://www.omnigroup.com/namespace/OmniFocus/v2" app-id="com.omnigroup.OmniFocus3" app-version="140.14.0" os-name="Mac OS X" os-version="10.15.3" machine-model="MacBookPro15,2"><task id="j0n0epW5rak" op="update"><project><folder/><singleton>false</singleton><last-review>2020-04-18T16:00:00.000Z</last-review><next-review/><review-interval>@1w</review-interval><status>active</status></project><inbox>false</inbox><task/><added>2020-04-19T04:20:57.357Z</added><modified>2020-04-19T04:21:49.079Z</modified></task><task id="iDIFDVD2Tpl" op="update"><added>2020-04-19T04:21:41.631Z</added><modified>2020-04-19T04:21:49.079Z</modified><name>钢笔字</name></task></omnifocus>
