<?xml version="1.0" encoding="UTF-8"?>
<omnifocus xmlns="http://www.omnigroup.com/namespace/OmniFocus/v2" app-id="com.omnigroup.OmniFocus3" app-version="140.14.0" os-name="Mac OS X" os-version="10.15.3" machine-model="MacBookPro15,2"><task id="i0o-lflGD4_" op="update"><added>2020-04-19T04:14:09.955Z</added><modified>2020-04-19T04:14:18.552Z</modified></task><task id="jtBq5hpeJSL"><project/><inbox>false</inbox><task idref="i0o-lflGD4_"/><added>2020-04-19T04:14:18.552Z</added><name/><note/><rank>0</rank><hidden/><context/><start/><due/><completed/><estimated-minutes/><order>parallel</order><flagged>false</flagged><completed-by-children>false</completed-by-children><repetition-rule/><repetition-method/><next-clone-identifier>0</next-clone-identifier><due-date-alarm-policy/><defer-date-alarm-policy/><latest-time-to-start-alarm-policy/></task></omnifocus>
