<?xml version="1.0" encoding="UTF-8"?>
<omnifocus xmlns="http://www.omnigroup.com/namespace/OmniFocus/v2" app-id="com.omnigroup.OmniFocus3" app-version="140.14.0" os-name="Mac OS X" os-version="10.15.3" machine-model="MacBookPro15,2"><task id="lZqpvVI9bYB" op="update"><added>2020-04-19T04:09:56.167Z</added><modified>2020-04-19T04:10:11.872Z</modified></task><task id="e6-g30sx0Dw"><project/><inbox>false</inbox><task idref="lZqpvVI9bYB"/><added>2020-04-19T04:10:11.872Z</added><name/><note/><rank>0</rank><hidden/><context/><start/><due/><completed/><estimated-minutes/><order>parallel</order><flagged>false</flagged><completed-by-children>false</completed-by-children><repetition-rule/><repetition-method/><next-clone-identifier>0</next-clone-identifier><due-date-alarm-policy/><defer-date-alarm-policy/><latest-time-to-start-alarm-policy/></task></omnifocus>
