<?xml version="1.0" encoding="UTF-8"?>
<omnifocus xmlns="http://www.omnigroup.com/namespace/OmniFocus/v2" app-id="com.omnigroup.OmniFocus3" app-version="140.14.0" os-name="Mac OS X" os-version="10.15.3" machine-model="MacBookPro15,2"><task id="ggplSQdtdeu" op="update"><project><folder/><singleton>false</singleton><last-review>2020-04-10T16:00:00.000Z</last-review><next-review>2020-04-17T16:00:00.000Z</next-review><review-interval>@1w</review-interval><status>active</status></project><inbox>false</inbox><task/><added>2020-04-11T00:04:12.853Z</added><modified>2020-04-19T02:39:39.263Z</modified></task><task id="gK91SB_iqME" op="update"><added>2020-04-16T01:10:43.834Z</added><modified>2020-04-19T02:39:39.263Z</modified></task><task id="kFIluhr3vz7" op="delete"><delete-snapshot><project/><inbox>false</inbox><task idref="gK91SB_iqME"/><added>2020-04-19T02:39:30.218Z</added><name/><note/><rank>-1073741824</rank><hidden/><context/><start/><due/><completed/><estimated-minutes/><order>parallel</order><flagged>false</flagged><completed-by-children>false</completed-by-children><repetition-rule/><repetition-method/><next-clone-identifier>0</next-clone-identifier><due-date-alarm-policy/><defer-date-alarm-policy/><latest-time-to-start-alarm-policy/></delete-snapshot></task></omnifocus>
