<?xml version="1.0" encoding="UTF-8"?>
<omnifocus xmlns="http://www.omnigroup.com/namespace/OmniFocus/v2" app-id="com.omnigroup.OmniFocus3" app-version="140.14.0" os-name="Mac OS X" os-version="10.14.6" machine-model="iMac16,2"><task id="ggplSQdtdeu" op="update"><added>2020-04-11T00:04:12.853Z</added><modified>2020-04-16T01:12:25.129Z</modified></task><task id="kg0BUeKlWin" op="update"><project/><inbox>false</inbox><task idref="gK91SB_iqME"/><added>2020-04-16T01:11:27.735Z</added><modified>2020-04-16T01:12:25.129Z</modified></task><task id="bnat7plSk6S" op="update"><task idref="kg0BUeKlWin"/><added>2020-04-16T01:11:45.530Z</added><rank>0</rank></task><task id="gK91SB_iqME" op="reference"><reference-snapshot><project/><inbox>false</inbox><task idref="ggplSQdtdeu"/><added>2020-04-16T01:10:43.834Z</added><modified>2020-04-16T01:12:17.711Z</modified><name>装</name><note/><rank>2141192192</rank><hidden/><context/><start/><due/><completed/><estimated-minutes/><order>parallel</order><flagged>false</flagged><completed-by-children>false</completed-by-children><repetition-rule/><repetition-method/><next-clone-identifier>0</next-clone-identifier><due-date-alarm-policy/><defer-date-alarm-policy/><latest-time-to-start-alarm-policy/></reference-snapshot></task></omnifocus>
