<?xml version="1.0" encoding="UTF-8"?>
<omnifocus xmlns="http://www.omnigroup.com/namespace/OmniFocus/v2" app-id="com.omnigroup.OmniFocus3" app-version="140.14.0" os-name="Mac OS X" os-version="10.14.6" machine-model="iMac16,2"><task id="nsN8iQCIwjZ" op="update"><project><folder/><singleton>false</singleton><last-review>2020-04-14T16:00:00.000Z</last-review><next-review/><review-interval>@1w</review-interval><status>active</status></project><inbox>false</inbox><task/><added>2020-04-16T00:10:31.053Z</added><modified>2020-04-17T01:20:04.448Z</modified></task><task id="bz9h5vJa-WP" op="update"><added>2020-04-17T01:19:24.113Z</added><modified>2020-04-17T01:20:04.448Z</modified><note><text><p><run><style><value key="font-family">.SF NS Text</value></style><lit>创建 -》 同步 -〉评分 -》 归档</lit></run></p></text></note></task></omnifocus>
