<?xml version="1.0" encoding="UTF-8"?>
<omnifocus xmlns="http://www.omnigroup.com/namespace/OmniFocus/v2" app-id="com.omnigroup.OmniFocus3" app-version="140.14.0" os-name="Mac OS X" os-version="10.15.3" machine-model="MacBookPro15,2"><task id="h6FfLqU9p5q" op="update"><inbox>false</inbox><added>2020-04-19T02:39:46.371Z</added><modified>2020-04-19T02:41:53.718Z</modified><rank>1073741824</rank></task><task id="f5nn9hXPnDv" op="update"><project><folder/><singleton>false</singleton><last-review>2020-04-18T16:00:00.000Z</last-review><next-review/><review-interval>@1w</review-interval><status>active</status></project><inbox>false</inbox><task/><added>2020-04-19T02:40:45.224Z</added><modified>2020-04-19T02:41:53.718Z</modified></task></omnifocus>
