<?xml version="1.0" encoding="UTF-8"?>
<omnifocus xmlns="http://www.omnigroup.com/namespace/OmniFocus/v2" app-id="com.omnigroup.OmniFocus3" app-version="140.14.0" os-name="Mac OS X" os-version="10.15.3" machine-model="MacBookPro15,2"><context id="aW8de9YPmM8"><context/><added>2020-04-19T04:00:56.014Z</added><name>可能/也许</name><note/><rank>1968526676</rank><hidden/><prohibits-next-action>false</prohibits-next-action><location/><tasks-user-ordered>false</tasks-user-ordered></context><task id="eU4d_iloUf7" op="update"><added>2020-04-19T03:58:28.975Z</added><modified>2020-04-19T04:00:56.014Z</modified><context idref="aW8de9YPmM8"/></task><task-to-tag id="eU4d_iloUf7.aW8de9YPmM8"><added order="1">2020-04-19T04:00:56.014Z</added><task idref="eU4d_iloUf7"/><context idref="aW8de9YPmM8"/><rank-in-task>6244</rank-in-task><rank-in-tag/></task-to-tag></omnifocus>
