<?xml version="1.0" encoding="UTF-8"?>
<omnifocus xmlns="http://www.omnigroup.com/namespace/OmniFocus/v2" app-id="com.omnigroup.OmniFocus3" app-version="140.14.0" os-name="Mac OS X" os-version="10.15.3" machine-model="MacBookPro15,2"><task id="nW60RpdVdce" op="update"><project><folder/><singleton>false</singleton><last-review>2020-04-18T16:00:00.000Z</last-review><next-review/><review-interval>@1w</review-interval><status>active</status></project><inbox>false</inbox><task/><added>2020-04-19T02:26:07.157Z</added><modified>2020-04-19T02:26:38.436Z</modified></task><task id="pZjqWLh7NwQ" op="update"><added>2020-04-19T02:26:16.286Z</added><modified>2020-04-19T02:26:38.436Z</modified><due>2020-04-19T15:00:00.000</due></task></omnifocus>
