<?xml version="1.0" encoding="UTF-8"?>
<omnifocus xmlns="http://www.omnigroup.com/namespace/OmniFocus/v2" app-id="com.omnigroup.OmniFocus3" app-version="140.14.0" os-name="Mac OS X" os-version="10.15.3" machine-model="MacBookPro15,2"><task id="mLe9-iKwgFt" op="update"><project><folder/><singleton>false</singleton><last-review>2020-04-13T16:00:00.000Z</last-review><next-review/><review-interval>@1w</review-interval><status>active</status></project><inbox>false</inbox><task/><added>2020-04-14T01:48:02.080Z</added><modified>2020-04-19T04:15:02.556Z</modified></task><task id="gpkA9yXssVN" op="update"><added>2020-04-19T04:14:52.445Z</added><modified>2020-04-19T04:15:02.556Z</modified><name>确定JDK版本</name></task></omnifocus>
