<?xml version="1.0" encoding="UTF-8"?>
<omnifocus xmlns="http://www.omnigroup.com/namespace/OmniFocus/v2" app-id="com.omnigroup.OmniFocus3" app-version="140.14.0" os-name="Mac OS X" os-version="10.15.3" machine-model="MacBookPro15,2"><task id="dkjkDneN-U5" op="update"><added>2020-04-19T03:57:43.566Z</added><modified>2020-04-19T03:57:57.218Z</modified><context idref="cBFgcD717t_"/></task><task-to-tag id="dkjkDneN-U5.cBFgcD717t_"><added>2020-04-19T03:57:57.218Z</added><task idref="dkjkDneN-U5"/><context idref="cBFgcD717t_"/><rank-in-task>3f</rank-in-task><rank-in-tag/></task-to-tag><context id="cBFgcD717t_" op="reference"><reference-snapshot><context/><added>2020-04-19T03:55:49.345Z</added><modified>2020-04-19T03:56:00.184Z</modified><name>也许/可能</name><note/><rank>-178956973</rank><hidden/><prohibits-next-action>false</prohibits-next-action><location/><tasks-user-ordered>false</tasks-user-ordered></reference-snapshot></context></omnifocus>
