<?xml version="1.0" encoding="UTF-8"?>
<omnifocus xmlns="http://www.omnigroup.com/namespace/OmniFocus/v2" app-id="com.omnigroup.OmniFocus3" app-version="140.14.0" os-name="Mac OS X" os-version="10.15.3" machine-model="MacBookPro15,2"><task id="plEcEWMjV68" op="update"><added>2020-04-19T03:54:08.222Z</added><modified>2020-04-19T03:55:19.387Z</modified></task><task id="dII3AR4DcgE" op="update"><added>2020-04-19T03:55:13.836Z</added><modified>2020-04-19T03:55:19.387Z</modified><name>个税</name></task><task id="oG_hB5O3Uos" op="reference"><reference-snapshot><project/><inbox>false</inbox><task idref="plEcEWMjV68"/><added>2020-04-19T03:54:20.657Z</added><modified>2020-04-19T03:55:13.836Z</modified><name>了解政策</name><note/><rank>0</rank><hidden/><context/><start/><due/><completed/><estimated-minutes/><order>parallel</order><flagged>false</flagged><completed-by-children>false</completed-by-children><repetition-rule/><repetition-method/><next-clone-identifier>0</next-clone-identifier><due-date-alarm-policy/><defer-date-alarm-policy/><latest-time-to-start-alarm-policy/></reference-snapshot></task></omnifocus>
