<?xml version="1.0" encoding="UTF-8"?>
<omnifocus xmlns="http://www.omnigroup.com/namespace/OmniFocus/v2" app-id="com.omnigroup.OmniFocus3" app-version="140.14.0" os-name="Mac OS X" os-version="10.15.3" machine-model="MacBookPro15,2"><task id="eU4d_iloUf7" op="update"><added>2020-04-19T03:58:28.975Z</added><modified>2020-04-19T03:59:34.820Z</modified><note><text><p><run><style><value key="font-family">.AppleSystemUIFont</value></style><lit>外甥女暑假想要港澳游</lit></run></p></text></note></task><context id="cBFgcD717t_" op="reference"><reference-snapshot><context/><added>2020-04-19T03:55:49.345Z</added><modified>2020-04-19T03:56:00.184Z</modified><name>也许/可能</name><note/><rank>-178956973</rank><hidden/><prohibits-next-action>false</prohibits-next-action><location/><tasks-user-ordered>false</tasks-user-ordered></reference-snapshot></context><task-to-tag id="eU4d_iloUf7.cBFgcD717t_" op="reference"><reference-snapshot><added>2020-04-19T03:58:46.659Z</added><task idref="eU4d_iloUf7"/><context idref="cBFgcD717t_"/><rank-in-task>fd49</rank-in-task><rank-in-tag/></reference-snapshot></task-to-tag></omnifocus>
