<?xml version="1.0" encoding="UTF-8"?>
<omnifocus xmlns="http://www.omnigroup.com/namespace/OmniFocus/v2" app-id="com.omnigroup.OmniFocus3" app-version="140.14.0" os-name="Mac OS X" os-version="10.15.3" machine-model="MacBookPro15,2"><task id="gfRqzqGbo-M" op="update"><added>2020-04-19T02:43:08.369Z</added><modified>2020-04-19T04:18:04.959Z</modified></task><task id="n1HBDyvrfA1"><project/><inbox>false</inbox><task idref="gfRqzqGbo-M"/><added>2020-04-19T04:18:04.959Z</added><name/><note/><rank>-1342177280</rank><hidden/><context/><start/><due/><completed/><estimated-minutes/><order>parallel</order><flagged>false</flagged><completed-by-children>false</completed-by-children><repetition-rule/><repetition-method/><next-clone-identifier>0</next-clone-identifier><due-date-alarm-policy/><defer-date-alarm-policy/><latest-time-to-start-alarm-policy/></task></omnifocus>
