<?xml version="1.0" encoding="UTF-8"?>
<omnifocus xmlns="http://www.omnigroup.com/namespace/OmniFocus/v2" app-id="com.omnigroup.OmniFocus3" app-version="140.14.0" os-name="Mac OS X" os-version="10.15.3" machine-model="MacBookPro15,2"><context id="n94-pipmsE5" op="delete"><delete-snapshot><context/><added>2018-08-30T22:55:17.776Z</added><modified>2018-09-08T00:01:04.407Z</modified><name>任务</name><note/><rank>357913939</rank><hidden/><prohibits-next-action>false</prohibits-next-action><location/><tasks-user-ordered>false</tasks-user-ordered></delete-snapshot></context><context id="jPJR7n-EI90" op="delete"><delete-snapshot><context idref="n94-pipmsE5"/><added>2018-08-30T22:55:26.263Z</added><modified>2018-08-30T22:55:56.146Z</modified><name>超市</name><note/><rank>0</rank><hidden/><prohibits-next-action>false</prohibits-next-action><location/><tasks-user-ordered>false</tasks-user-ordered></delete-snapshot></context><context id="dfOZuQyvge-" op="delete"><delete-snapshot><context idref="n94-pipmsE5"/><added>2018-08-30T22:55:59.974Z</added><modified>2018-08-30T22:58:36.512Z</modified><name>五金店</name><note/><rank>1073741824</rank><hidden/><prohibits-next-action>false</prohibits-next-action><location/><tasks-user-ordered>false</tasks-user-ordered></delete-snapshot></context><context id="fNlrbU3HwFC" op="delete"><delete-snapshot><context idref="n94-pipmsE5"/><added>2018-08-30T22:59:07.994Z</added><modified>2018-08-30T22:59:12.734Z</modified><name>百货商店</name><note/><rank>1610612736</rank><hidden/><prohibits-next-action>false</prohibits-next-action><location/><tasks-user-ordered>false</tasks-user-ordered></delete-snapshot></context><context id="emzpKfGX6U0" op="delete"><delete-snapshot><context/><added>2018-08-30T23:12:26.578Z</added><name>家</name><note/><rank>-1789569707</rank><hidden/><prohibits-next-action>false</prohibits-next-action><location/><tasks-user-ordered>false</tasks-user-ordered></delete-snapshot></context><context id="eg85dFOZ6zs" op="delete"><delete-snapshot><context/><added>2018-08-30T23:27:50.508Z</added><name>办公室</name><note/><rank>-1073741825</rank><hidden/><prohibits-next-action>false</prohibits-next-action><location/><tasks-user-ordered>false</tasks-user-ordered></delete-snapshot></context><context id="mCKqWubd2Lp" op="delete"><delete-snapshot><context/><added>2018-08-30T23:57:47.791Z</added><modified>2018-09-05T17:33:30.237Z</modified><name>人员</name><note/><rank>1073741821</rank><hidden/><prohibits-next-action>false</prohibits-next-action><location/><tasks-user-ordered>false</tasks-user-ordered></delete-snapshot></context><context id="pKaHclYXw-I" op="delete"><delete-snapshot><context idref="mCKqWubd2Lp"/><added>2018-08-30T23:57:55.912Z</added><modified>2018-08-30T23:58:01.004Z</modified><name>父母</name><note/><rank>0</rank><hidden/><prohibits-next-action>false</prohibits-next-action><location/><tasks-user-ordered>false</tasks-user-ordered></delete-snapshot></context><context id="do-veJnEmRa" op="delete"><delete-snapshot><context idref="mCKqWubd2Lp"/><added>2018-08-30T23:58:03.002Z</added><modified>2018-08-30T23:58:06.439Z</modified><name>上级</name><note/><rank>1073741824</rank><hidden/><prohibits-next-action>false</prohibits-next-action><location/><tasks-user-ordered>false</tasks-user-ordered></delete-snapshot></context><context id="bzPBcazUMsM" op="delete"><delete-snapshot><context idref="mCKqWubd2Lp"/><added>2018-08-30T23:58:07.033Z</added><modified>2018-08-30T23:58:09.792Z</modified><name>医生</name><note/><rank>1610612736</rank><hidden/><prohibits-next-action>false</prohibits-next-action><location/><tasks-user-ordered>false</tasks-user-ordered></delete-snapshot></context><context id="i9fFJI05g9C" op="delete"><delete-snapshot><context/><added>2018-09-05T17:32:56.734Z</added><modified>2018-09-10T20:08:32.858Z</modified><name>教学课程</name><note/><rank>-1968526678</rank><hidden/><prohibits-next-action>false</prohibits-next-action><location/><tasks-user-ordered>true</tasks-user-ordered></delete-snapshot></context><context id="g6N7cN5oKrH" op="delete"><delete-snapshot><context/><added>2018-09-07T23:56:55.081Z</added><modified>2018-09-07T23:58:32.030Z</modified><name>电话</name><note/><rank>-357913943</rank><hidden/><prohibits-next-action>false</prohibits-next-action><location/><tasks-user-ordered>false</tasks-user-ordered></delete-snapshot></context><context id="dcjQchFDSF9" op="delete"><delete-snapshot><context idref="i9fFJI05g9C"/><added>2018-09-10T20:07:58.012Z</added><modified>2018-09-10T20:11:21.277Z</modified><name>任务</name><note/><rank>0</rank><hidden/><prohibits-next-action>false</prohibits-next-action><location/><tasks-user-ordered>false</tasks-user-ordered></delete-snapshot></context><context id="gQ3fwelZLsH" op="delete"><delete-snapshot><context idref="i9fFJI05g9C"/><added>2018-09-10T20:08:18.636Z</added><modified>2018-09-10T20:11:11.396Z</modified><name>家</name><note/><rank>-1073741824</rank><hidden/><prohibits-next-action>false</prohibits-next-action><location/><tasks-user-ordered>false</tasks-user-ordered></delete-snapshot></context></omnifocus>
