<?xml version="1.0" encoding="UTF-8"?>
<omnifocus xmlns="http://www.omnigroup.com/namespace/OmniFocus/v2" app-id="com.omnigroup.OmniFocus3" app-version="140.14.0" os-name="Mac OS X" os-version="10.14.6" machine-model="iMac16,2">
  <task id="ggplSQdtdeu" op="update">
    <added>2020-04-11T00:04:12.853Z</added>
    <modified>2020-04-14T00:53:15.786Z</modified>
  </task>
  <task id="jrFkBZerpbQ" op="update">
    <added>2020-04-14T00:52:38.849Z</added>
    <modified>2020-04-14T00:53:15.786Z</modified>
    <name>烧水壶</name>
  </task>
  <task id="iJimxTf3HkT" op="reference">
    <reference-snapshot>
      <project/>
      <inbox>false</inbox>
      <task idref="ggplSQdtdeu"/>
      <added>2020-04-11T00:09:16.264Z</added>
      <modified>2020-04-14T00:52:38.849Z</modified>
      <name>搬</name>
      <note>
        <text><p><run><lit>1. </lit></run><run><style><value key="font-family">.AppleSystemUIFont</value></style><lit>搬床</lit></run></p><p><run><lit>2. </lit></run><run><style><value key="font-family">.AppleSystemUIFont</value></style><lit>桌子</lit></run></p><p><run><lit>3. </lit></run><run><style><value key="font-family">.AppleSystemUIFont</value></style><lit>小物件</lit></run></p></text>
      </note>
      <rank>1073741824</rank>
      <hidden/>
      <context/>
      <start/>
      <due/>
      <completed/>
      <estimated-minutes/>
      <order>parallel</order>
      <flagged>false</flagged>
      <completed-by-children>false</completed-by-children>
      <repetition-rule/>
      <repetition-method/>
      <next-clone-identifier>0</next-clone-identifier>
      <due-date-alarm-policy/>
      <defer-date-alarm-policy/>
      <latest-time-to-start-alarm-policy/>
    </reference-snapshot>
  </task>
</omnifocus>
