<?xml version="1.0" encoding="UTF-8"?>
<omnifocus xmlns="http://www.omnigroup.com/namespace/OmniFocus/v2" app-id="com.omnigroup.OmniFocus3" app-version="140.14.0" os-name="Mac OS X" os-version="10.15.3" machine-model="MacBookPro15,2"><task id="gxHHZOiCTyO" op="update"><added>2020-04-14T23:22:43.461Z</added><modified>2020-04-16T22:48:15.673Z</modified><note><text><p><run><style><value key="font-family">.AppleSystemUIFont</value></style><lit>咖啡没多少了，考虑需不需要再买奶球了</lit></run></p></text></note></task></omnifocus>
