<?xml version="1.0" encoding="UTF-8"?>
<omnifocus xmlns="http://www.omnigroup.com/namespace/OmniFocus/v2" app-id="com.omnigroup.OmniFocus3" app-version="140.14.0" os-name="Mac OS X" os-version="10.15.3" machine-model="MacBookPro15,2"><task id="kLT6Fyjc8Mt" op="update"><task idref="f6WelNHw4ih"/><added>2020-04-16T23:06:47.292Z</added><modified>2020-04-19T02:42:28.318Z</modified></task><task id="f6WelNHw4ih" op="update"><project><folder/><singleton>false</singleton><last-review>2020-04-18T16:00:00.000Z</last-review><next-review/><review-interval>@1w</review-interval><status>active</status></project><inbox>false</inbox><task/><added>2020-04-19T02:42:11.425Z</added><modified>2020-04-19T02:42:28.318Z</modified></task></omnifocus>
