<?xml version="1.0" encoding="UTF-8"?>
<omnifocus xmlns="http://www.omnigroup.com/namespace/OmniFocus/v2" app-id="com.omnigroup.OmniFocus3" app-version="140.14.0" os-name="Mac OS X" os-version="10.15.3" machine-model="MacBookPro15,2"><task id="plEcEWMjV68" op="update"><project><folder/><singleton>false</singleton><last-review>2020-04-18T16:00:00.000Z</last-review><next-review/><review-interval>@1w</review-interval><status>active</status></project><inbox>false</inbox><task/><added>2020-04-19T03:54:08.222Z</added><modified>2020-04-19T03:55:13.836Z</modified></task><task id="oG_hB5O3Uos" op="update"><added>2020-04-19T03:54:20.657Z</added><modified>2020-04-19T03:55:13.836Z</modified></task><task id="dII3AR4DcgE"><project/><inbox>false</inbox><task idref="oG_hB5O3Uos"/><added>2020-04-19T03:55:13.836Z</added><name/><note/><rank>1073741824</rank><hidden/><context/><start/><due/><completed/><estimated-minutes/><order>parallel</order><flagged>false</flagged><completed-by-children>false</completed-by-children><repetition-rule/><repetition-method/><next-clone-identifier>0</next-clone-identifier><due-date-alarm-policy/><defer-date-alarm-policy/><latest-time-to-start-alarm-policy/></task></omnifocus>
