<?xml version="1.0" encoding="UTF-8"?>
<omnifocus xmlns="http://www.omnigroup.com/namespace/OmniFocus/v2" app-id="com.omnigroup.OmniFocus3" app-version="140.14.0" os-name="Mac OS X" os-version="10.15.3" machine-model="MacBookPro15,2"><task id="a6Pr2wvAI8y" op="update"><project><folder/><singleton>false</singleton><last-review>2020-04-18T16:00:00.000Z</last-review><next-review/><review-interval>@1w</review-interval><status>active</status></project><inbox>false</inbox><task/><added>2020-04-19T04:02:37.131Z</added><modified>2020-04-19T04:04:23.267Z</modified></task><task id="mVfYg_Q9UMo" op="update"><added>2020-04-19T04:04:18.233Z</added><modified>2020-04-19T04:04:23.267Z</modified><name>体检</name></task></omnifocus>
