<?xml version="1.0" encoding="UTF-8"?>
<omnifocus xmlns="http://www.omnigroup.com/namespace/OmniFocus/v2" app-id="com.omnigroup.OmniFocus3" app-version="140.14.0" os-name="Mac OS X" os-version="10.14.6" machine-model="iMac16,2"><task id="fCY24ZL6Et3" op="update"><added>2020-04-15T05:33:38.981Z</added><modified>2020-04-15T11:54:14.638Z</modified></task><task id="bZaIeo6Quwv"><project/><inbox>false</inbox><task idref="fCY24ZL6Et3"/><added>2020-04-15T11:54:14.638Z</added><name/><note/><rank>1610612736</rank><hidden/><context/><start/><due/><completed/><estimated-minutes/><order>parallel</order><flagged>false</flagged><completed-by-children>false</completed-by-children><repetition-rule/><repetition-method/><next-clone-identifier>0</next-clone-identifier><due-date-alarm-policy/><defer-date-alarm-policy/><latest-time-to-start-alarm-policy/></task></omnifocus>
