<?xml version="1.0" encoding="UTF-8"?>
<omnifocus xmlns="http://www.omnigroup.com/namespace/OmniFocus/v2" app-id="com.omnigroup.OmniFocus3" app-version="140.14.0" os-name="Mac OS X" os-version="10.14.6" machine-model="iMac16,2"><attachment id="dGV4LqQm0EP" op="delete"/><attachment id="j-AOLF7LQeP" op="delete"/><task id="auWuFqFRb4R" op="delete"><delete-snapshot><project><folder/><singleton>false</singleton><last-review>2020-04-10T16:00:00.000Z</last-review><next-review>2020-04-17T16:00:00.000Z</next-review><review-interval>@1w</review-interval><status>active</status></project><inbox>false</inbox><task/><added>2018-08-30T22:25:41.190Z</added><modified>2018-09-12T16:44:10.436Z</modified><name>开派对</name><note><text><p><run><lit>此项是一个项目 — 一组相关的动作。这些动作通常是（但不总是）某个特定整体任务中的单独步骤。使用 </lit></run><run><style><value key="font-family">.SF NS Text</value><value key="link">omnifocus:///projects</value></style><lit>项目透视</lit></run><run><lit> 来组织动作和项目。要将单独项标为已完成，请点击此行的状态圈。</lit></run></p></text></note><rank>-1</rank><hidden/><context idref="i9fFJI05g9C"/><start/><due>2020-04-15T18:00:00.000</due><completed/><estimated-minutes/><order>parallel</order><flagged>false</flagged><completed-by-children>false</completed-by-children><repetition-rule/><repetition-method/><next-clone-identifier>0</next-clone-identifier><due-date-alarm-policy/><defer-date-alarm-policy/><latest-time-to-start-alarm-policy/></delete-snapshot></task><task id="awg6P8HtjLb" op="delete"><delete-snapshot><project/><inbox>false</inbox><task idref="auWuFqFRb4R"/><added>2018-08-30T23:10:07.486Z</added><modified>2018-09-10T20:09:10.160Z</modified><name>打扫房屋</name><note/><rank>1207959552</rank><hidden/><context idref="gQ3fwelZLsH"/><start/><due>2020-04-13T18:00:00.000</due><completed/><estimated-minutes/><order>parallel</order><flagged>false</flagged><completed-by-children>false</completed-by-children><repetition-rule/><repetition-method/><next-clone-identifier>0</next-clone-identifier><due-date-alarm-policy/><defer-date-alarm-policy/><latest-time-to-start-alarm-policy/></delete-snapshot></task><task id="e_f0woUF458" op="delete"><delete-snapshot><project/><inbox>false</inbox><task idref="auWuFqFRb4R"/><added>2018-08-30T23:11:20.404Z</added><modified>2018-09-10T20:08:58.067Z</modified><name>订蛋糕</name><note><text><p><run><lit>此动作有截止日期。使用 </lit></run><run><style><value key="font-family">.SF NS Text</value><value key="link">omnifocus:///forecast</value></style><lit>预测透视</lit></run><run><lit> 查看按日期整理的 OmniFocus 项。预测透视还可以显示日历事件，帮助您确保有时间做每件事。</lit></run></p></text></note><rank>1174405120</rank><hidden/><context idref="dcjQchFDSF9"/><start/><due>2020-04-11T18:00:00.000</due><completed/><estimated-minutes/><order>parallel</order><flagged>false</flagged><completed-by-children>false</completed-by-children><repetition-rule/><repetition-method/><next-clone-identifier>0</next-clone-identifier><due-date-alarm-policy/><defer-date-alarm-policy/><latest-time-to-start-alarm-policy/></delete-snapshot></task><task id="biUXthMzrTM" op="delete"><delete-snapshot><project/><inbox>false</inbox><task idref="auWuFqFRb4R"/><added>2018-09-05T18:19:10.870Z</added><modified>2018-09-10T20:09:18.772Z</modified><name>清理冰箱</name><note/><rank>1476395007</rank><hidden/><context idref="gQ3fwelZLsH"/><start/><due>2020-04-13T18:00:00.000</due><completed/><estimated-minutes/><order>parallel</order><flagged>false</flagged><completed-by-children>false</completed-by-children><repetition-rule/><repetition-method/><next-clone-identifier>0</next-clone-identifier><due-date-alarm-policy/><defer-date-alarm-policy/><latest-time-to-start-alarm-policy/></delete-snapshot></task><task id="gY7sSN6wmsq" op="delete"><delete-snapshot><project><folder/><singleton>false</singleton><last-review>2020-04-10T16:00:00.000Z</last-review><next-review>2020-04-17T16:00:00.000Z</next-review><review-interval>@1w</review-interval><status>active</status></project><inbox>false</inbox><task/><added>2018-09-06T00:57:56.021Z</added><modified>2020-04-11T00:27:56.785Z</modified><name>欢迎使用 OmniFocus</name><note><text>
        <p>
          <run>
            <lit>您现在看到的，是我们添加的一组样本项，旨在帮助描绘 OmniFocus 的一些常见使用方式。行上的备注图标 [</lit>
          </run>
          <run>
            <lit><cell xmlns="" refid="dGV4LqQm0EP" name="Pasted_Graphic"/></lit>
          </run>
          <run>
            <lit>] 表示有我们认为有用的一些信息 — 请点击图标查看备注。（还有一个图标 [</lit>
          </run>
          <run>
            <lit><cell xmlns="" refid="j-AOLF7LQeP" name="Pasted_Graphic"/></lit>
          </run>
          <run>
            <lit>] 表示此行没有备注，但您可以点击该图标添加备注。）除了这些样本项，还有大量信息收录在 </lit>
          </run>
          <run>
            <style>
              <value key="font-family">.SF NS Text</value>
              <value key="font-weight">9</value>
            </style>
            <lit>帮助</lit>
          </run>
          <run>
            <lit> 菜单。</lit>
          </run>
        </p>
        <p/>
        <p>
          <run>
            <lit>• 在最左端是标签栏，用于在透视中进行切换 — 这些是专为以不同方式对动作进行处理而特别定制的视图。每个透视均有其特定的视图选项 — 选择 </lit>
          </run>
          <run>
            <style>
              <value key="font-family">.SF NS Text</value>
              <value key="font-weight">9</value>
            </style>
            <lit>显示“视图选项”</lit>
          </run>
          <run>
            <lit> 于 </lit>
          </run>
          <run>
            <style>
              <value key="font-family">.SF NS Text</value>
              <value key="font-weight">9</value>
            </style>
            <lit>视图</lit>
          </run>
          <run>
            <lit> 菜单，对其进行定制。</lit>
          </run>
        </p>
        <p/>
        <p>
          <run>
            <lit>• 在需要更深入查看或编辑某些内容时，选择该内容，然后选择 </lit>
          </run>
          <run>
            <style>
              <value key="font-family">.SF NS Text</value>
              <value key="font-weight">9</value>
            </style>
            <lit>显示检查器</lit>
          </run>
          <run>
            <lit> 于 </lit>
          </run>
          <run>
            <style>
              <value key="font-family">.SF NS Text</value>
              <value key="font-weight">9</value>
            </style>
            <lit>视图</lit>
          </run>
          <run>
            <lit> 菜单。检查器会在右边打开，并提供与所选内容相关的详尽信息。</lit>
          </run>
        </p>
      </text></note><rank>-1431655766</rank><hidden/><context idref="i9fFJI05g9C"/><start/><due>2020-04-12T20:00:00.000</due><completed/><estimated-minutes/><order>parallel</order><flagged>false</flagged><completed-by-children>false</completed-by-children><repetition-rule/><repetition-method/><next-clone-identifier>0</next-clone-identifier><due-date-alarm-policy/><defer-date-alarm-policy/><latest-time-to-start-alarm-policy/></delete-snapshot></task><task id="myPvqJayMZT" op="delete"><delete-snapshot><project/><inbox>false</inbox><task idref="auWuFqFRb4R"/><added>2018-09-06T20:30:45.662Z</added><modified>2018-09-12T16:44:10.436Z</modified><name>买冰激凌</name><note><text>
        <p>
          <run>
            <lit>此动作标签为“任务”，以方便您外出购物时轻松查找。您可以创建想要的任何标签。我们为全部样本项添加了“教学课程”标签，以使其易于辨识和使用后删除。使用 </lit>
          </run>
          <run>
            <style>
              <value key="font-family">.SF NS Text</value>
              <value key="link">omnifocus:///tags</value>
            </style>
            <lit>标签透视</lit>
          </run>
          <run>
            <lit> 来查看全部默认标签和添加您自己的标签。</lit>
          </run>
        </p>
        <p/>
        <p>
          <run>
            <lit>当一个动作有超过一个标签时，该动作会列在每个标签下方。</lit>
          </run>
        </p>
      </text></note><rank>1811939328</rank><hidden/><context idref="dcjQchFDSF9"/><start/><due/><completed/><estimated-minutes/><order>parallel</order><flagged>false</flagged><completed-by-children>false</completed-by-children><repetition-rule/><repetition-method/><next-clone-identifier>0</next-clone-identifier><due-date-alarm-policy/><defer-date-alarm-policy/><latest-time-to-start-alarm-policy/></delete-snapshot></task><task id="gZiXoqXI4uE" op="delete"><delete-snapshot><project><folder/><singleton>false</singleton><last-review>2020-04-04T16:00:00.000Z</last-review><next-review>2020-04-11T16:00:00.000Z</next-review><review-interval>@1w</review-interval><status>active</status></project><inbox>false</inbox><task/><added>2018-09-06T21:10:58.989Z</added><modified>2018-09-12T16:44:10.436Z</modified><name>春季花园清理</name><note><text>
        <p>
          <run>
            <lit>此项目待检查。使用 </lit>
          </run>
          <run>
            <style>
              <value key="font-family">.SF NS Text</value>
              <value key="link">omnifocus:///review</value>
            </style>
            <lit>检查透视</lit>
          </run>
          <run>
            <lit> 来查看项目是否在取得进展，或是否一个项目不再有用，需要删除。或将项目暂停，这样动作就不会在透视中造成混乱。下次检查时，您可以重新考虑此决定。</lit>
          </run>
        </p>
      </text></note><rank>1431655764</rank><hidden/><context idref="i9fFJI05g9C"/><start/><due/><completed/><estimated-minutes/><order>parallel</order><flagged>false</flagged><completed-by-children>false</completed-by-children><repetition-rule/><repetition-method/><next-clone-identifier>0</next-clone-identifier><due-date-alarm-policy/><defer-date-alarm-policy/><latest-time-to-start-alarm-policy/></delete-snapshot></task><task id="bxid6-H7gfZ" op="delete"><delete-snapshot><project/><inbox>false</inbox><task idref="gZiXoqXI4uE"/><added>2018-09-06T21:11:36.631Z</added><modified>2018-09-07T22:51:33.240Z</modified><name>修理大门</name><note/><rank>0</rank><hidden/><context idref="i9fFJI05g9C"/><start/><due/><completed/><estimated-minutes/><order>parallel</order><flagged>false</flagged><completed-by-children>false</completed-by-children><repetition-rule/><repetition-method/><next-clone-identifier>0</next-clone-identifier><due-date-alarm-policy/><defer-date-alarm-policy/><latest-time-to-start-alarm-policy/></delete-snapshot></task><task id="lr88UzrlXKf" op="delete"><delete-snapshot><project/><inbox>false</inbox><task idref="gZiXoqXI4uE"/><added>2018-09-06T21:11:51.651Z</added><modified>2018-09-12T16:44:10.436Z</modified><name>建造花园小棚</name><note><text>
        <p>
          <run>
            <lit>这是一个很大的动作。要捕捉目标没问题，但操作起来有困难。如果您决定必须完成此动作，则需要将其分成一组较小的项，如：调研设计和购买特定工具及材料。您甚至可能会将其分离开，形成各自的项目。</lit>
          </run>
        </p>
      </text></note><rank>1879048192</rank><hidden/><context idref="i9fFJI05g9C"/><start/><due/><completed/><estimated-minutes/><order>parallel</order><flagged>false</flagged><completed-by-children>false</completed-by-children><repetition-rule/><repetition-method/><next-clone-identifier>0</next-clone-identifier><due-date-alarm-policy/><defer-date-alarm-policy/><latest-time-to-start-alarm-policy/></delete-snapshot></task><task id="nDhQooKlgrt" op="delete"><delete-snapshot><project/><inbox>false</inbox><task idref="gZiXoqXI4uE"/><added>2018-09-06T21:12:08.056Z</added><modified>2018-09-12T16:44:10.436Z</modified><name>测试喷水系统</name><note><text>
        <p>
          <run>
            <lit>此动作已标注。您可以按自己的用途进行标注，但此功能一般用于提示不久后需要某种关注的项。使用 </lit>
          </run>
          <run>
            <style>
              <value key="font-family">.SF NS Text</value>
              <value key="link">omnifocus:///flagged</value>
            </style>
            <lit>已标注透视</lit>
          </run>
          <run>
            <lit> 来查看全部已标注项。</lit>
          </run>
        </p>
      </text></note><rank>1610612736</rank><hidden/><context idref="i9fFJI05g9C"/><start/><due/><completed/><estimated-minutes/><order>parallel</order><flagged>true</flagged><completed-by-children>false</completed-by-children><repetition-rule/><repetition-method/><next-clone-identifier>0</next-clone-identifier><due-date-alarm-policy/><defer-date-alarm-policy/><latest-time-to-start-alarm-policy/></delete-snapshot></task><task-to-tag id="auWuFqFRb4R.i9fFJI05g9C" op="delete"><delete-snapshot><added order="2">2018-09-05T17:37:37.103Z</added><modified>2018-09-07T23:47:11.421Z</modified><task idref="auWuFqFRb4R"/><context idref="i9fFJI05g9C"/><rank-in-task>8bc2</rank-in-task><rank-in-tag>0008</rank-in-tag></delete-snapshot></task-to-tag><task-to-tag id="gY7sSN6wmsq.i9fFJI05g9C" op="delete"><delete-snapshot><added>2018-09-06T00:58:43.201Z</added><modified>2018-09-07T23:47:11.421Z</modified><task idref="gY7sSN6wmsq"/><context idref="i9fFJI05g9C"/><rank-in-task>2152</rank-in-task><rank-in-tag>0002</rank-in-tag></delete-snapshot></task-to-tag><task-to-tag id="bxid6-H7gfZ.i9fFJI05g9C" op="delete"><delete-snapshot><added>2018-09-06T21:11:49.031Z</added><modified>2018-09-07T23:47:11.421Z</modified><task idref="bxid6-H7gfZ"/><context idref="i9fFJI05g9C"/><rank-in-task>2383</rank-in-task><rank-in-tag>0009</rank-in-tag></delete-snapshot></task-to-tag><task-to-tag id="nDhQooKlgrt.i9fFJI05g9C" op="delete"><delete-snapshot><added>2018-09-06T21:12:25.921Z</added><modified>2018-09-07T23:47:11.421Z</modified><task idref="nDhQooKlgrt"/><context idref="i9fFJI05g9C"/><rank-in-task>21be</rank-in-task><rank-in-tag>000a</rank-in-tag></delete-snapshot></task-to-tag><task-to-tag id="lr88UzrlXKf.i9fFJI05g9C" op="delete"><delete-snapshot><added>2018-09-06T21:12:31.541Z</added><modified>2018-09-07T23:47:11.421Z</modified><task idref="lr88UzrlXKf"/><context idref="i9fFJI05g9C"/><rank-in-task>61b7</rank-in-task><rank-in-tag>000b</rank-in-tag></delete-snapshot></task-to-tag><task-to-tag id="gZiXoqXI4uE.i9fFJI05g9C" op="delete"><delete-snapshot><added>2018-09-07T18:05:31.630Z</added><modified>2018-09-07T23:47:11.421Z</modified><task idref="gZiXoqXI4uE"/><context idref="i9fFJI05g9C"/><rank-in-task>334d</rank-in-task><rank-in-tag>000c</rank-in-tag></delete-snapshot></task-to-tag><task-to-tag id="e_f0woUF458.dcjQchFDSF9" op="delete"><delete-snapshot><added>2018-09-10T20:08:58.067Z</added><task idref="e_f0woUF458"/><context idref="dcjQchFDSF9"/><rank-in-task>5bbc</rank-in-task><rank-in-tag/></delete-snapshot></task-to-tag><task-to-tag id="awg6P8HtjLb.gQ3fwelZLsH" op="delete"><delete-snapshot><added>2018-09-10T20:09:10.160Z</added><task idref="awg6P8HtjLb"/><context idref="gQ3fwelZLsH"/><rank-in-task>3f47</rank-in-task><rank-in-tag/></delete-snapshot></task-to-tag><task-to-tag id="biUXthMzrTM.gQ3fwelZLsH" op="delete"><delete-snapshot><added>2018-09-10T20:09:18.772Z</added><task idref="biUXthMzrTM"/><context idref="gQ3fwelZLsH"/><rank-in-task>d402</rank-in-task><rank-in-tag/></delete-snapshot></task-to-tag><task-to-tag id="myPvqJayMZT.dcjQchFDSF9" op="delete"><delete-snapshot><added>2018-09-10T20:09:26.565Z</added><task idref="myPvqJayMZT"/><context idref="dcjQchFDSF9"/><rank-in-task>3d6c</rank-in-task><rank-in-tag/></delete-snapshot></task-to-tag></omnifocus>
