<?xml version="1.0" encoding="UTF-8"?>
<omnifocus xmlns="http://www.omnigroup.com/namespace/OmniFocus/v2" app-id="com.omnigroup.OmniFocus3" app-version="140.14.0" os-name="Mac OS X" os-version="10.15.3" machine-model="MacBookPro15,2"><task id="p-INmSVMPT_"><project/><inbox>true</inbox><task/><added>2020-04-19T04:27:35.088Z</added><name/><note/><rank>2147482624</rank><hidden/><context idref="ddn5Xu4V8Gy"/><start/><due/><completed/><estimated-minutes/><order>parallel</order><flagged>false</flagged><completed-by-children>false</completed-by-children><repetition-rule/><repetition-method/><next-clone-identifier>0</next-clone-identifier><due-date-alarm-policy/><defer-date-alarm-policy/><latest-time-to-start-alarm-policy/></task><task-to-tag id="p-INmSVMPT_.ddn5Xu4V8Gy"><added order="1">2020-04-19T04:27:35.088Z</added><task idref="p-INmSVMPT_"/><context idref="ddn5Xu4V8Gy"/><rank-in-task>0001</rank-in-task><rank-in-tag/></task-to-tag><context id="ddn5Xu4V8Gy" op="reference"><reference-snapshot><context/><added order="11">2014-03-25T21:24:02.254Z</added><name>等待</name><note/><rank>1789569703</rank><hidden/><prohibits-next-action>true</prohibits-next-action><location/><tasks-user-ordered>false</tasks-user-ordered></reference-snapshot></context></omnifocus>
