<?xml version="1.0" encoding="UTF-8"?>
<omnifocus xmlns="http://www.omnigroup.com/namespace/OmniFocus/v2" app-id="com.omnigroup.OmniFocus3" app-version="140.14.0" os-name="Mac OS X" os-version="10.15.3" machine-model="MacBookPro15,2"><task id="nsN8iQCIwjZ"><project><folder/><singleton>false</singleton><last-review>2020-04-14T16:00:00.000Z</last-review><next-review/><review-interval>@1w</review-interval><status>active</status></project><inbox>false</inbox><task/><added>2020-04-16T00:10:31.053Z</added><name>Calendar</name><note/><rank>2058005163</rank><hidden/><context/><start/><due/><completed/><estimated-minutes/><order>parallel</order><flagged>false</flagged><completed-by-children>false</completed-by-children><repetition-rule/><repetition-method/><next-clone-identifier>0</next-clone-identifier><due-date-alarm-policy/><defer-date-alarm-policy/><latest-time-to-start-alarm-policy/></task><task id="nfzCRFkrdXb"><project/><inbox>false</inbox><task idref="nsN8iQCIwjZ"/><added order="1">2020-04-16T00:10:31.053Z</added><name>保存最近一个月的 event 到数据库</name><note/><rank>0</rank><hidden/><context/><start/><due/><completed/><estimated-minutes/><order>parallel</order><flagged>false</flagged><completed-by-children>false</completed-by-children><repetition-rule/><repetition-method/><next-clone-identifier>0</next-clone-identifier><due-date-alarm-policy/><defer-date-alarm-policy/><latest-time-to-start-alarm-policy/></task><task id="otIqYT_XG3l"><project/><inbox>false</inbox><task idref="nsN8iQCIwjZ"/><added order="2">2020-04-16T00:10:31.053Z</added><name>保存最近一周的 event 到数据库</name><note/><rank>1073741824</rank><hidden/><context/><start/><due/><completed/><estimated-minutes/><order>parallel</order><flagged>false</flagged><completed-by-children>false</completed-by-children><repetition-rule/><repetition-method/><next-clone-identifier>0</next-clone-identifier><due-date-alarm-policy/><defer-date-alarm-policy/><latest-time-to-start-alarm-policy/></task><task id="cTbxbFLKolX"><project/><inbox>false</inbox><task idref="nsN8iQCIwjZ"/><added order="3">2020-04-16T00:10:31.053Z</added><name>保存今天的 event 到数据库</name><note/><rank>1610612736</rank><hidden/><context/><start/><due/><completed/><estimated-minutes/><order>parallel</order><flagged>false</flagged><completed-by-children>false</completed-by-children><repetition-rule/><repetition-method/><next-clone-identifier>0</next-clone-identifier><due-date-alarm-policy/><defer-date-alarm-policy/><latest-time-to-start-alarm-policy/></task></omnifocus>
